--Populate database

INSERT INTO customer (cust_no, name, email, phone, address)
VALUES
    (1, 'João Silva', 'joao@example.com', '123456789', 'Rua A, 1234-567, Lisboa'),
    (2, 'Maria Santos', 'maria@example.com', '987654321', 'Avenida B, 5678-901, Porto'),
    (3, 'Pedro Almeida', 'pedro@example.com', '654987321', 'Rua C, 2468-135, Coimbra'),
    (4, 'Ana Sousa', 'ana@example.com', '789654123', 'Avenida D, 9876-543, Braga'),
    (5, 'Carlos Gomes', 'carlos@example.com', '321987654', 'Rua H, 5432-109, Faro'),
    (6, 'Marta Silva', 'marta@example.com', '789654123', 'Rua W, 3579-468, Coimbra'),
    (7, 'André Almeida', 'andre@example.com', '321987654', 'Rua F, 4681-579, Braga'),
    (8, 'Patrícia Gomes', 'patricia@example.com', '654123789', 'Rua E, 5792-680, Faro'),
    (9, 'Miguel Sousa', 'miguel@example.com', '987321654', 'Rua J, 6803-791, Lisboa'),
    (10, 'Sara Pereira', 'sara@example.com', '123789654', 'Rua Q, 7914-802, Porto'),
    (11, 'António Costa', 'antonio@example.com', '321654987', 'Rua P, 8025-913, Coimbra'),
    (12, 'Inês Almeida', 'ines@example.com', '654321987', 'Rua K, 9136-024, Braga'),
    (13, 'Tiago Gomes', 'tiago@example.com', '987123654', '0247-135, Faro'),
    (14, 'Beatriz Sousa', 'beatriz@example.com', '456789123', 'Rua V, 1358-246, Lisboa'),
    (15, 'Hugo Pereira', 'hugo@example.com', '951753852', 'Avenida V, 2469-357, Porto'),
    (16, 'Carolina Almeida', 'carolina@example.com', '753951852', 'Avenida G, 3570-468, Coimbra'),
    (17, 'Gabriel Gomes', 'gabriel@example.com', '852852753', 'Rua M, 4681-579, Braga'),
    (18, 'Laura Silva', 'laura@example.com', '123456789', 'Rua N, 1234-567, Lisboa'),
    (19, 'Rui Santos', 'rui@example.com', '987654321', 'Rua O, 5678-901, Porto'),
    (20, 'Isabel Almeida', 'isabel@example.com', '654987321', 'Rua R, 2468-135, Coimbra');
   

INSERT INTO orders(order_no, cust_no, date)
VALUES
    (1, 1, '2022-01-01'),
    (2, 2, '2022-01-02'),
    (3, 3, '2023-01-03'),
    (4, 4, '2023-01-04'),
    (5, 5, '2023-01-05'),
    (6, 6, '2022-01-06'),
    (7, 7, '2023-01-07'),
    (8, 8, '2022-01-08'),
    (9, 9, '2023-01-09'),
    (10, 10, '2023-01-10'),
    (11, 11, '2022-01-11'),
    (12, 12, '2023-01-12'),
    (13, 13, '2022-01-13'),
    (14, 14, '2023-01-14'),
    (15, 15, '2022-01-15'),
    (16, 16, '2022-01-16'),
    (17, 17, '2023-01-17'),
    (18, 18, '2023-01-18'),
    (19, 19, '2022-01-19'),
    (20, 20, '2023-01-20');

INSERT INTO pay (order_no, cust_no)
VALUES
    (1, 1),
    (2, 2),
    (3, 3),
    (4, 4),
    (5, 5),
    (6, 6),
    (7, 7),
    (8, 8),
    (9, 9),
    (10, 10),
    (11, 11),
    (12, 12),
    (13, 13),
    (14, 14),
    (15, 15),
    (16, 16),
    (17, 17),
    (18, 18),
    (19, 19),
    (20, 20);

INSERT INTO process (ssn, order_no)
VALUES
    ('1234567890', 1),
    ('0987654321', 2),
    ('3486789012', 3),
    ('5608901234', 4),
    ('7830123456', 5),
    ('0123456789', 6),
    ('2349678901', 7),
    ('4527890123', 8),
    ('6788012345', 9),
    ('8921234567', 10),
    ('9022345678', 11),
    ('1234098765', 12),
    ('3456789012', 13),
    ('5678901234', 14),
    ('7890123456', 15),
    ('9012345678', 16),
    ('2345678901', 17),
    ('4567890123', 18),
    ('6789012345', 19),
    ('8901234567', 20);

INSERT INTO department (name)
VALUES
    ('Sales'),
    ('Finance'),
    ('Marketing'),
    ('Human Resources'),
    ('IT'),
    ('Operations'),
    ('Research and Development'),
    ('Customer Service'),
    ('Production'),
    ('Quality Assurance'),
    ('Supply Chain'),
    ('Legal'),
    ('Administration'),
    ('Training'),
    ('Public Relations'),
    ('Engineering'),
    ('Purchasing'),
    ('Logistics'),
    ('Design'),
    ('Consulting');

INSERT INTO workplace (address, lat, long)
VALUES
    ('Rua A, 1234-253, Lisboa', 38.7223, -9.1393),
    ('Avenida G, 4567-226, Porto', 41.1499, -8.6109),
    ('Praça H, 7891-374, Santarém', 39.4048, -8.2245),
    ('Largo I, 0123-123, Viseu', 41.5459, -8.4265),
    ('Estrada J, 3453-275, Viana do Castelo', 37.0199, -7.9305),
    ('Rua K, 6787-153, Aveiro', 40.1849, -7.3935),
    ('Avenida L, 9010-016, Figueira da Foz', 41.4439, -7.9815),
    ('Praça M, 2343-634, Oliveira de Azemeis', 39.7976, -7.3284),
    ('Largo N, 5678-253, Coimbra', 41.8562, -8.0722),
    ('Estrada O, 8908-198, Funchal', 37.0825, -8.2221),
    ('Rua P, 1239-294, Pico', 38.7222, -9.1393),
    ('Avenida Q, 4560-241, Leiria', 41.1496, -8.6109),
    ('Praça R, 7890-003, Tomar', 39.4046, -8.2245),
    ('Largo S, 0127-223, Caldas da Rainha', 41.5454, -8.4265),
    ('Estrada T, 3457-661, Algarve', 37.0194, -7.9305),
    ('Rua U, 6789-448, Fátima', 40.1843, -7.3935),
    ('Avenida V, 9010-557, Covilhã', 41.4432, -7.9815),
    ('Praça W, 2348-223, Santa Maria da Feira', 39.7276, -7.3284),
    ('Largo X, 5679-152, Óbidos', 41.9562, -8.0722),
    ('Estrada Y, 8904-723, Setúbal', 37.0625, -8.2221),
    ('Rua K, 1234-123, Porto', 40.7128, -74.0060),
    ('Avenida L, 4565-025, Santarém', 51.5074, -0.1278),
    ('Praça M, 7891-739, Viseu', -33.8651, 151.2099),
    ('Largo N, 0127-137, Lisboa', 48.8566, 2.3522),
    ('Estrada O, 3450-113, Viana do Castelo', 55.7558, 37.6176),
    ('Rua P, 6787-336, Aveiro', -22.9068, -43.1729),
    ('Avenida Q, 9018-662, Figueira da Foz', 35.6895, 139.6917),
    ('Praça R, 2349-123, Oliveira de Azemeis', -22.9519, -43.2105),
    ('Largo S, 5677-003, Coimbra', 40.4168, -3.7038),
    ('Estrada T, 8909-553, Leiria', -33.4489, -70.6693),
    ('Rua U, 1230-134, Funchal', 39.9042, 116.4074),
    ('Avenida V, 4567-275 Pico', 52.5200, 13.4050 ),
    ('Praça W, 7899-255 Algarve', -37.8136, 144.9631),
    ('Largo X, 0128-003 Tomar', 43.6532, -79.3832),
    ('Estrada Y, 3454-267 Fátima', 55.6761, 12.5683 ),
    ('Rua Z, 6789-142 Covilhã', 37.7749, -122.4194),
    ('Avenida AA, 9010-356 Caldas da Rainha', -26.2041, 28.0473 ),
    ('Praça BB, 2349-253 Óbidos', 51.0504, -114.0668),
    ('Largo CC, 5670-257 Santa Maria da Feira', -34.6037, -58.3816),
    ('Estrada DD, 8908-713 Setúbal', 59.3293, 18.0686);



INSERT INTO office (address)
VALUES
    ('Rua A, 1234-253, Lisboa'),
    ('Avenida G, 4567-226, Porto'),
    ('Praça H, 7891-374, Santarém'),
    ('Largo I, 0123-123, Viseu'),
    ('Estrada J, 3453-275, Viana do Castelo'),
    ('Rua K, 6787-153, Aveiro'),
    ('Avenida L, 9010-016, Figueira da Foz'),
    ('Praça M, 2343-634, Oliveira de Azemeis'),
    ('Largo N, 5678-253, Coimbra'),
    ('Estrada O, 8908-198, Funchal'),
    ('Rua P, 1239-294, Pico'),
    ('Avenida Q, 4560-241, Leiria'),
    ('Praça R, 7890-003, Tomar'),
    ('Largo S, 0127-223, Caldas da Rainha'),
    ('Estrada T, 3457-661, Algarve'),
    ('Rua U, 6789-448, Fátima'),
    ('Avenida V, 9010-557, Covilhã'),
    ('Praça W, 2348-223, Santa Maria da Feira'),
    ('Largo X, 5679-152, Óbidos'),
    ('Estrada Y, 8904-723, Setúbal');


INSERT INTO warehouse (address)
VALUES
    ('Rua K, 1234-123, Porto'),
    ('Avenida L, 4565-025, Santarém'),
    ('Praça M, 7891-739, Viseu'),
    ('Largo N, 0127-137, Lisboa'),
    ('Estrada O, 3450-113, Viana do Castelo'),
    ('Rua P, 6787-336, Aveiro'),
    ('Avenida Q, 9018-662, Figueira da Foz'),
    ('Praça R, 2349-123, Oliveira de Azemeis'),
    ('Largo S, 5677-003, Coimbra'),
    ('Estrada T, 8909-553, Leiria'),
    ('Rua U, 1230-134, Funchal'),
    ('Avenida V, 4567-275 Pico'),
    ('Praça W, 7899-255 Algarve'),
    ('Largo X, 0128-003 Tomar'),
    ('Estrada Y, 3454-267 Fátima'),
    ('Rua Z, 6789-142 Covilhã'),
    ('Avenida AA, 9010-356 Caldas da Rainha'),
    ('Praça BB, 2349-253 Óbidos'),
    ('Largo CC, 5670-257 Santa Maria da Feira'),
    ('Estrada DD, 8908-713 Setúbal');

INSERT INTO employee (ssn, TIN, bdate, name)
VALUES
    ('1234567890', '9876543210', '1980-01-01', 'John Doe'),
    ('0987654321', '0123956789', '1990-02-02', 'Jane Smith'),
    ('3486789012', '2109876543', '1985-03-03', 'David Johnson'),
    ('5608901234', '4321098765', '1995-04-04', 'Sarah Brown'),
    ('7830123456', '6543210987', '1998-05-05', 'Michael Davis'),
    ('0123456789', '8901234567', '1982-06-06', 'Laura Wilson'),
    ('2349678901', '6779012345', '1992-07-07', 'Daniel Thompson'),
    ('4527890123', '4560890123', '1987-08-08', 'Emily Taylor'),
    ('6788012345', '2347678901', '1997-09-09', 'Matthew Anderson'),
    ('8921234567', '0122456789', '2000-10-10', 'Olivia Martinez'),
    ('9022345678', '9072345678', '1984-11-11', 'Jacob Hernandez'),
    ('1234098765', '7890123456', '1994-12-12', 'Sophia Adams'),
    ('3456789012', '5678901234', '1989-01-13', 'William Scott'),
    ('5678901234', '3456789012', '1999-02-14', 'Emma Turner'),
    ('7890123456', '1234567890', '1986-03-15', 'Noah Phillips'),
    ('9012345678', '9012345678', '1996-04-16', 'Ava Campbell'),
    ('2345678901', '6789012345', '2001-05-17', 'Liam Parker'),
    ('4567890123', '4567890123', '1983-06-18', 'Mia Collins'),
    ('6789012345', '2345678901', '1993-07-19', 'Benjamin Stewart'),
    ('8901234567', '0123456789', '1988-08-20', 'Ella Reed');




INSERT INTO works (ssn, name, address)
VALUES
    ('1234567890', 'Sales', 'Rua A, 1234-253, Lisboa'),
    ('0987654321', 'Finance', 'Avenida G, 4567-226, Porto'),
    ('3486789012', 'Marketing', 'Praça H, 7891-374, Santarém'),
    ('5608901234', 'Human Resources', 'Largo I, 0123-123, Viseu'),
    ('7830123456', 'IT', 'Estrada J, 3453-275, Viana do Castelo'),
    ('0123456789', 'Sales', 'Rua K, 6787-153, Aveiro'),
    ('2349678901', 'Finance', 'Avenida L, 9010-016, Figueira da Foz'),
    ('4527890123', 'Marketing', 'Praça M, 2343-634, Oliveira de Azemeis'),
    ('6788012345', 'Human Resources', 'Largo N, 5678-253, Coimbra'),
    ('8921234567', 'IT', 'Estrada O, 8908-198, Funchal'),
    ('9022345678', 'Sales', 'Rua P, 1239-294, Pico', ),
    ('1234098765', 'Finance', 'Avenida Q, 4560-241, Leiria'),
    ('3456789012', 'Marketing', 'Praça R, 7890-003, Tomar'),
    ('5678901234', 'Human Resources', 'Largo S, 0127-223, Caldas da Rainha'),
    ('7890123456', 'IT', 'Estrada T, 3457-661, Algarve'),
    ('9012345678', 'Sales', 'Rua U, 6789-448, Fátima'),
    ('2345678901', 'Finance', 'Avenida V, 9010-557, Covilhã'),
    ('4567890123', 'Marketing', 'Praça W, 2348-223, Santa Maria da Feira'),
    ('6789012345', 'Human Resources', 'Largo X, 5679-152, Óbidos'),
    ('8901234567', 'IT', 'Estrada Y, 8904-723, Setúbal');

INSERT INTO product (SKU, name, description, price, ean)
VALUES
    ('ABC123', 'Product A', 'Description for Product A', 10.99, 1234567890123),
    ('DEF456', 'Product B', 'Description for Product B', 15.99, 9876543210987),
    ('GHI789', 'Product C', 'Description for Product C', 20.99, 2468135790246),
    ('JKL012', 'Product D', 'Description for Product D', 25.99, 1357924680135),
    ('MNO345', 'Product E', 'Description for Product E', 30.99, 8023681357913),
    ('PQR678', 'Product F', 'Description for Product F', 35.99, 9135790246813),
    ('STU901', 'Product G', 'Description for Product G', 40.99, 7913568024681),
    ('VWX234', 'Product H', 'Description for Product H', 45.99, 4641357913468),
    ('YZA567', 'Product I', 'Description for Product I', 50.99, 2468435791346),
    ('BCD890', 'Product J', 'Description for Product J', 55.99, 1357993468024),
    ('EFG123', 'Product K', 'Description for Product K', 60.99, 8024688357913),
    ('HIJ456', 'Product L', 'Description for Product L', 65.99, 7916468024681),
    ('KLM789', 'Product M', 'Description for Product M', 70.99, 4681857913468),
    ('NOP012', 'Product N', 'Description for Product N', 75.99, 2468335791346),
    ('QRS345', 'Product O', 'Description for Product O', 80.99, 1351913468024),
    ('TUV678', 'Product P', 'Description for Product P', 85.99, 8024681357913),
    ('WXY901', 'Product Q', 'Description for Product Q', 90.99, 7913468024681),
    ('ZAB234', 'Product R', 'Description for Product R', 95.99, 4681357913468),
    ('CDE567', 'Product S', 'Description for Product S', 100.99, 2468135791346),
    ('FGH890', 'Product T', 'Description for Product T', 105.99, 1357913468024);

INSERT INTO contains (order_no, SKU, qty)
VALUES
    (1, 'ABC123', 2),
    (2, 'DEF456', 1),
    (3, 'GHI789', 3),
    (4, 'JKL012', 4),
    (5, 'MNO345', 5),
    (6, 'PQR678', 2),
    (7, 'STU901', 3),
    (8, 'VWX234', 1),
    (9, 'YZA567', 4),
    (10, 'BCD890', 2),
    (11, 'EFG123', 3),
    (12, 'HIJ456', 1),
    (13, 'KLM789', 4),
    (14, 'NOP012', 2),
    (15, 'QRS345', 3),
    (16, 'TUV678', 1),
    (17, 'WXY901', 4),
    (18, 'ZAB234', 2),
    (19, 'CDE567', 3),
    (20, 'FGH890', 1);

INSERT INTO supplier (TIN, name, address, SKU, date)
VALUES
    ('9876543210', 'Supplier A', 'Rua C, 7893-273, Lisboa', 'ABC123', '2022-01-01'),
    ('0127456789', 'Supplier B', 'Avenida D, 0129-256, Porto', 'DEF456', '2023-01-02'),
    ('2100876543', 'Supplier C', 'Praça E, 3457-142, Nazaré', 'GHI789', '2022-01-03'),
    ('4021098765', 'Supplier D', 'Largo F, 6789-352, Portalegre', 'JKL012', '2023-01-04'),
    ('6943210987', 'Supplier E', 'Estrada G, 9010-257, Coimbra', 'MNO345', '2022-01-05'),
    ('9765432109', 'Supplier F', 'Rua H, 2347-924, Covilhã', 'PQR678', '2022-01-06'),
    ('0984654321', 'Supplier G', 'Avenida I, 5670-003, Bragança', 'STU901', '2023-01-07'),
    ('9876544210', 'Supplier H', 'Praça J, 8901-016, Braga', 'VWX234', '2022-01-08'),
    ('7123456789', 'Supplier I', 'Largo K, 1237-263, Aveiro', 'YZA567', '2022-01-09'),
    ('2109276543', 'Supplier J', 'Estrada L, 4560-584, Viseu', 'BCD890', '2022-01-10'),
    ('4351098765', 'Supplier K', 'Rua M, 7891-367, Viana do Castelo ', 'EFG123', '2023-01-11'),
    ('6533210987', 'Supplier L', 'Avenida N, 0120-356, Viana do Alentejo', 'HIJ456', '2023-01-12'),
    ('8565432109', 'Supplier M', 'Praça O, 3458-267, Óbidos', 'KLM789', '2022-01-13'),
    ('0987654321', 'Supplier N', 'Largo P, 6788-934, Santarém ', 'NOP012', '2023-01-14'),
    ('9876543110', 'Supplier O', 'Estrada Q, 9010-267, Sintra', 'QRS345', '2022-01-15'),
    ('0123456789', 'Supplier P', 'Rua R, 2349-356, Setúbal', 'TUV678', '2023-01-16'),
    ('2109876543', 'Supplier Q', 'Avenida S, 5679-143, Fátima', 'WXY901', '2022-01-17'),
    ('4321098765', 'Supplier R', 'Praça T, 8908-3564, Ferreira do Zezere', 'ZAB234', '2023-01-18'),
    ('6543210987', 'Supplier S', 'Largo U, 1237-243, Funchal', 'CDE567', '2022-01-19'),
    ('8765432109', 'Supplier T', 'Estrada V, 4569-243, Pico', 'FGH890', '2022-01-20');

INSERT INTO delivery (address, TIN)
VALUES
    ('Rua K, 1234-123, Porto', '9876543210'),
    ('Avenida L, 4565-025, Santarém', '0123456789'),
    ('Praça M, 7891-739, Viseu', '2109876543'),
    ('Largo N, 0127-137, Lisboa', '4321098765'),
    ('Estrada O, 3450-113, Viseu', '6543210987'),
    ('Rua P, 6787-336, Aveiro','8765432109'),
    ('Avenida Q, 9018-662, Figueira da Foz', '0987654321'),
    ('Praça R, 2349-123, Oliveira de Azeméis', '9876543210'),
    ('Largo S, 5677-003, Coimbra', '0123456789'),
    ('Estrada T, 8909-553, Leiria', '2109876543'),
    ('Rua U, 1230-134, Funchal', '4321098765'),
    ('Avenida V, 4567-275 Pico', '6543210987'),
    ('Praça W, 7899-255 Algarve', '8765432109'),
    ('Largo X, 0128-003 Tomar', '0987654321'),
    ('Estrada Y, 3454-267 Fátima', '9876543210'),
    ('Rua Z, 6789-142 Covilhã', '0123456789'),
    ('Avenida AA, 9010-356 Caldas da Rainha', '2109876543'),
    ('Praça BB, 2349-253 Óbidos', '4321098765'),
    ('Largo CC, 5670-257 Santa Maria da Feira', '6543210987'),
    ('Estrada DD, 8908-713 Setúbal', '8765432109');


